"'Number in the queue/DeptNumber'"," 'Shift (M/A/E)'"," 'Queue Type (Reg'","'Created Queue Hours'"," 'Waiting Duration'"," 'Number of Waiting Queue'"," 'Arrival Rate'"," 'Service Rate'"
"101","1","01/01/2020","8","0.08","0","4","2"
"101","1","01/01/2020","8","0.14","1","4","2"
"101","1","01/01/2020","8","0.21","2","4","1"
"101","1","01/01/2020","8","0.27","3","4","1"
"101","1","01/01/2020","8","0.3","3","2","1"
"101","1","01/01/2020","8","0.37","4","2","1"
"101","1","01/01/2020","8","0.38","4","4","2"
"101","1","01/01/2020","8","0.4","4","4","2"
"101","1","01/01/2020","8","0.52","5","4","1"
"101","1","01/01/2020","8","1.02","6","4","1"
"101","1","01/01/2020","8","1.07","6","1","1"
"101","1","01/01/2020","8","1.08","6","2","1"
"101","1","01/01/2020","8","1.18","7","2","1"
"101","1","01/01/2020","8","1.13","7","2","2"
"101","1","01/01/2020","8","1.17","8","2","2"
"101","1","01/01/2020","9","1.12","7","2","2"
"101","1","01/01/2020","9","1.21","8","2","2"
"101","1","01/01/2020","9","1.21","9","1","1"
"101","1","01/01/2020","9","1.24","9","1","1"
"101","1","01/01/2020","9","1.18","9","2","1"
"101","1","01/01/2020","9","1.25","10","2","2"
"101","1","01/01/2020","9","1.23","10","1","2"
"101","1","01/01/2020","9","1.2","11","1","1"
"101","1","01/01/2020","10","1.18","11","5","2"
"101","1","01/01/2020","10","1.24","12","5","2"
"101","1","01/01/2020","10","1.27","12","5","1"
"101","1","01/01/2020","10","1.35","13","5","1"
"101","1","01/01/2020","10","1.44","13","5","1"
"101","1","01/01/2020","10","1.45","13","1","1"
"101","1","01/01/2020","10","1.47","13","2","2"
"101","1","01/01/2020","10","1.54","14","2","2"
"101","1","01/01/2020","10","1.54","14","1","1"
"101","1","01/01/2020","10","1.53","13","2","1"
"101","1","01/01/2020","10","2.01","14","2","2"
"101","1","01/01/2020","10","2.09","15","2","2"
"101","1","01/01/2020","10","2.16","15","2","1"
"101","1","01/01/2020","11","2.19","15","2","2"
"101","1","01/01/2020","11","2.21","15","2","2"
"101","1","01/01/2020","11","2.24","16","1","2"
"101","1","01/01/2020","11","2.21","15","2","2"
"101","1","01/01/2020","11","2.25","16","2","1"
"101","1","01/01/2020","11","2.29","15","3","1"
"101","1","01/01/2020","11","2.38","16","3","1"
"101","1","01/01/2020","11","2.43","17","3","1"
"101","1","01/01/2020","11","2.44","17","3","2"
"101","1","01/01/2020","11","2.56","18","3","2"
"101","1","01/01/2020","11","3.07","19","3","1"
"101","1","01/01/2020","11","3.04","19","2","2"
"101","1","01/01/2020","11","3.13","20","2","2"
"101","2","01/01/2020","12","3.16","21","2","1"
"101","2","01/01/2020","12","3.2","21","2","1"
"101","2","01/01/2020","12","3.26","21","3","1"
"101","2","01/01/2020","12","3.33","22","3","1"
"101","2","01/01/2020","12","3.35","22","3","1"
"101","2","01/01/2020","12","3.46","23","3","1"
"101","2","01/01/2020","12","3.46","24","3","1"
"101","2","01/01/2020","12","3.57","25","3","1"
"101","2","01/01/2020","12","3.59","25","1","1"
"101","2","01/01/2020","12","3.55","25","1","1"
"101","2","01/01/2020","12","3.57","25","1","1"
"101","2","01/01/2020","13","3.56","25","2","1"
"101","2","01/01/2020","13","4.01","26","2","1"
"101","2","01/01/2020","13","4.05","26","2","2"
"101","2","01/01/2020","13","4.12","27","2","2"
"101","2","01/01/2020","13","4.13","27","2","1"
"101","2","01/01/2020","13","4.18","28","2","1"
"101","2","01/01/2020","13","4.17","28","2","1"
"101","2","01/01/2020","13","4.26","29","2","1"
"101","2","01/01/2020","13","4.28","28","1","1"
"101","2","01/01/2020","13","4.28","28","1","1"
"101","2","01/01/2020","14","4.36","29","3","1"
"101","2","01/01/2020","14","4.46","30","3","1"
"101","2","01/01/2020","14","4.5","31","3","1"
"101","2","01/01/2020","14","4.44","30","1","2"
"101","2","01/01/2020","14","4.46","31","1","2"
"101","2","01/01/2020","14","4.42","30","4","1"
"101","2","01/01/2020","14","4.45","31","4","2"
"101","2","01/01/2020","14","4.51","32","4","2"
"101","2","01/01/2020","14","4.57","33","4","1"
"101","2","01/01/2020","14","5.01","33","1","1"
"101","2","01/01/2020","14","5.04","34","1","1"
"101","2","01/01/2020","15","5.05","33","1","1"
"101","2","01/01/2020","15","4.59","33","1","1"
"101","2","01/01/2020","15","4.55","33","1","2"
"101","2","01/01/2020","15","4.57","33","2","2"
"101","2","01/01/2020","15","5.04","33","2","1"
"101","2","01/01/2020","15","5.0","33","1","1"
"101","3","01/01/2020","16","4.55","33","3","2"
"101","3","01/01/2020","16","4.58","34","3","2"
"101","3","01/01/2020","16","4.59","34","3","2"
"101","3","01/01/2020","16","5.01","35","2","2"
"101","3","01/01/2020","16","5.02","35","2","1"
"101","3","01/01/2020","16","5.03","35","1","1"
"101","3","01/01/2020","16","4.57","35","1","2"
"101","3","01/01/2020","16","5.05","35","1","2"
"101","3","01/01/2020","16","5.02","35","2","1"
"101","3","01/01/2020","16","5.46","36","2","1"
"101","3","01/01/2020","17","5.05","35","1","1"
"101","3","01/01/2020","17","5.04","35","1","1"
"101","3","01/01/2020","17","5.06","35","2","1"
"101","3","01/01/2020","17","5.09","35","2","1"
"101","3","01/01/2020","17","5.04","35","1","1"
"101","3","01/01/2020","17","5.09","36","1","2"
"101","1","02/01/2020","8","0.08","0","2","2"
"101","1","02/01/2020","8","0.1","1","2","2"
"101","1","02/01/2020","8","0.1","1","4","1"
"101","1","02/01/2020","8","0.13","1","4","1"
"101","1","02/01/2020","8","0.22","2","4","1"
"101","1","02/01/2020","8","0.3","3","4","2"
"101","1","02/01/2020","8","0.32","3","1","2"
"101","1","02/01/2020","8","0.3","3","2","1"
"101","1","02/01/2020","8","0.39","4","2","1"
"101","1","02/01/2020","8","0.34","4","1","1"
"101","1","02/01/2020","8","0.35","4","1","1"
"101","1","02/01/2020","9","0.33","3","2","2"
"101","1","02/01/2020","9","0.4","4","2","2"
"101","1","02/01/2020","9","0.43","5","1","1"
"101","1","02/01/2020","9","0.45","5","1","1"
"101","1","02/01/2020","9","0.43","5","1","1"
"101","1","02/01/2020","9","0.36","4","3","2"
"101","1","02/01/2020","9","0.42","5","3","2"
"101","1","02/01/2020","9","0.46","6","3","1"
"101","1","02/01/2020","9","0.47","5","1","1"
"101","1","02/01/2020","10","0.52","6","2","1"
"101","1","02/01/2020","10","0.5","6","2","2"
"101","1","02/01/2020","10","0.54","6","2","2"
"101","1","02/01/2020","10","1.0","7","2","2"
"101","1","02/01/2020","10","1.01","7","1","2"
"101","1","02/01/2020","10","0.59","7","1","1"
"101","1","02/01/2020","10","0.59","7","1","1"
"101","1","02/01/2020","10","0.56","6","2","1"
"101","1","02/01/2020","10","1.01","7","2","2"
"101","1","02/01/2020","11","1.03","7","1","2"
"101","1","02/01/2020","11","0.58","6","1","2"
"101","1","02/01/2020","11","1.06","7","2","2"
"101","1","02/01/2020","11","1.11","7","2","1"
"101","1","02/01/2020","11","1.14","7","2","1"
"101","1","02/01/2020","11","1.19","8","2","1"
"101","1","02/01/2020","11","1.25","9","2","1"
"101","1","02/01/2020","11","1.29","9","2","1"
"101","1","02/01/2020","11","1.26","9","1","1"
"101","2","02/01/2020","12","1.2","9","2","1"
"101","2","02/01/2020","12","1.17","8","2","2"
"101","2","02/01/2020","12","1.22","9","1","2"
"101","2","02/01/2020","12","1.18","9","1","1"
"101","2","02/01/2020","12","1.13","9","1","2"
"101","2","02/01/2020","12","1.16","9","2","2"
"101","2","02/01/2020","12","1.19","9","2","1"
"101","2","02/01/2020","13","1.2","9","3","1"
"101","2","02/01/2020","13","1.29","10","3","1"
"101","2","02/01/2020","13","1.35","11","3","1"
"101","2","02/01/2020","13","1.35","12","1","1"
"101","2","02/01/2020","13","1.3","11","1","2"
"101","2","02/01/2020","13","1.35","11","2","2"
"101","2","02/01/2020","13","1.42","12","2","1"
"101","2","02/01/2020","13","1.43","12","2","1"
"101","2","02/01/2020","13","1.46","12","2","1"
"101","2","02/01/2020","13","1.48","13","4","2"
"101","2","02/01/2020","13","1.59","13","4","2"
"101","2","02/01/2020","13","2.09","14","4","1"
"101","2","02/01/2020","13","2.12","15","4","1"
"101","2","02/01/2020","14","2.14","15","1","2"
"101","2","02/01/2020","14","2.18","15","3","2"
"101","2","02/01/2020","14","2.21","16","3","1"
"101","2","02/01/2020","14","2.24","17","3","1"
"101","2","02/01/2020","14","2.24","16","1","1"
"101","2","02/01/2020","14","2.29","17","2","1"
"101","2","02/01/2020","14","2.32","17","2","2"
"101","2","02/01/2020","14","2.34","17","2","2"
"101","2","02/01/2020","14","2.36","18","2","1"
"101","2","02/01/2020","14","2.41","18","2","1"
"101","2","02/01/2020","14","2.43","18","2","1"
"101","2","02/01/2020","15","2.47","19","2","2"
"101","2","02/01/2020","15","2.47","19","2","2"
"101","2","02/01/2020","15","2.47","19","1","1"
"101","2","02/01/2020","15","2.5","20","2","1"
"101","2","02/01/2020","15","2.58","20","2","1"
"101","2","02/01/2020","15","2.58","20","1","1"
"101","2","02/01/2020","15","2.56","20","1","1"
"101","2","02/01/2020","15","2.57","21","2","2"
"101","2","02/01/2020","15","3.01","21","2","2"
"101","3","02/01/2020","16","3.05","21","1","1"
"101","3","02/01/2020","16","3.04","21","2","1"
"101","3","02/01/2020","16","3.14","22","2","1"
"101","3","02/01/2020","16","3.13","22","3","2"
"101","3","02/01/2020","16","3.2","23","3","2"
"101","3","02/01/2020","16","3.27","23","3","1"
"101","3","02/01/2020","16","3.25","23","1","1"
"101","3","02/01/2020","16","3.28","23","3","2"
"101","3","02/01/2020","16","3.34","24","3","2"
"101","3","02/01/2020","16","3.4","25","3","2"
"101","3","02/01/2020","16","3.45","26","2","2"
"101","3","02/01/2020","16","3.47","26","2","1"
"101","3","02/01/2020","17","3.49","26","1","1"
"101","3","02/01/2020","17","3.48","26","1","1"
"101","3","02/01/2020","17","3.51","26","1","1"
"101","3","02/01/2020","17","3.53","26","2","1"
"101","3","02/01/2020","17","3.57","27","2","1"
"101","3","02/01/2020","17","3.58","26","2","1"
"101","3","02/01/2020","17","4.06","27","2","1"
"101","3","02/01/2020","17","4.1","27","1","1"
"101","1","03/01/2020","8","0.06","0","3","2"
"101","1","03/01/2020","8","0.06","1","3","2"
"101","1","03/01/2020","8","0.14","1","3","1"
"101","1","03/01/2020","8","0.15","1","1","1"
"101","1","03/01/2020","8","0.12","1","3","2"
"101","1","03/01/2020","8","0.19","2","3","2"
"101","1","03/01/2020","8","0.28","3","3","1"
"101","1","03/01/2020","8","0.34","3","1","1"
"101","1","03/01/2020","8","0.41","3","2","1"
"101","1","03/01/2020","8","0.46","4","2","1"
"101","1","03/01/2020","8","0.43","4","1","2"
"101","1","03/01/2020","9","0.44","4","2","2"
"101","1","03/01/2020","9","0.46","5","2","1"
"101","1","03/01/2020","9","0.45","5","1","1"
"101","1","03/01/2020","9","0.4","5","1","2"
"101","1","03/01/2020","9","0.46","5","1","2"
"101","1","03/01/2020","9","0.4","5","1","2"
"101","1","03/01/2020","9","0.37","4","1","2"
"101","1","03/01/2020","10","0.41","5","1","1"
"101","1","03/01/2020","10","0.41","4","1","1"
"101","1","03/01/2020","10","0.44","5","3","1"
"101","1","03/01/2020","10","0.49","5","3","1"
"101","1","03/01/2020","10","0.56","5","3","1"
"101","1","03/01/2020","10","0.56","5","1","1"
"101","1","03/01/2020","10","0.52","4","1","1"
"101","1","03/01/2020","11","0.5","5","3","1"
"101","1","03/01/2020","11","0.53","6","3","2"
"101","1","03/01/2020","11","1.0","6","3","2"
"101","1","03/01/2020","11","1.03","6","1","1"
"101","1","03/01/2020","11","1.04","7","3","1"
"101","1","03/01/2020","11","1.15","8","3","1"
"101","1","03/01/2020","11","1.22","8","3","1"
"101","1","03/01/2020","11","1.22","8","3","1"
"101","1","03/01/2020","11","1.34","9","3","1"
"101","1","03/01/2020","11","1.4","9","3","1"
"101","1","03/01/2020","11","1.38","9","3","1"
"101","1","03/01/2020","11","1.46","10","3","1"
"101","1","03/01/2020","11","1.53","10","3","1"
"101","2","03/01/2020","12","1.49","11","2","2"
"101","2","03/01/2020","12","1.59","11","2","2"
"101","2","03/01/2020","12","2.06","12","2","1"
"101","2","03/01/2020","12","2.08","13","2","1"
"101","2","03/01/2020","12","2.06","12","2","1"
"101","2","03/01/2020","12","2.11","13","2","1"
"101","2","03/01/2020","12","2.17","13","2","1"
"101","2","03/01/2020","12","2.18","14","2","1"
"101","2","03/01/2020","12","2.15","14","1","1"
"101","2","03/01/2020","13","2.09","14","1","2"
"101","2","03/01/2020","13","2.11","15","2","2"
"101","2","03/01/2020","13","2.12","16","2","2"
"101","2","03/01/2020","13","2.06","16","1","2"
"101","2","03/01/2020","13","2.02","15","1","1"
"101","2","03/01/2020","13","2.04","16","2","2"
"101","2","03/01/2020","13","2.07","16","2","2"
"101","2","03/01/2020","13","2.08","15","1","1"
"101","2","03/01/2020","14","2.13","16","3","1"
"101","2","03/01/2020","14","2.15","17","3","1"
"101","2","03/01/2020","14","2.24","18","3","1"
"101","2","03/01/2020","14","2.26","18","1","2"
"101","2","03/01/2020","14","2.23","18","2","2"
"101","2","03/01/2020","14","2.27","18","2","1"
"101","2","03/01/2020","14","2.29","18","1","1"
"101","2","03/01/2020","14","2.26","18","2","1"
"101","2","03/01/2020","14","2.26","18","2","1"
"101","2","03/01/2020","15","2.34","19","2","1"
"101","2","03/01/2020","15","2.36","19","2","1"
"101","2","03/01/2020","15","2.36","19","1","2"
"101","2","03/01/2020","15","2.34","18","1","2"
"101","2","03/01/2020","15","2.34","17","3","1"
"101","2","03/01/2020","15","2.43","18","3","1"
"101","2","03/01/2020","15","2.51","19","3","1"
"101","2","03/01/2020","15","2.49","18","1","1"
"101","2","03/01/2020","15","2.55","19","1","1"
"101","3","03/01/2020","16","2.57","19","2","1"
"101","3","03/01/2020","16","3.03","19","2","1"
"101","3","03/01/2020","16","3.04","20","2","1"
"101","3","03/01/2020","16","3.07","20","2","1"
"101","3","03/01/2020","16","3.02","20","1","2"
"101","3","03/01/2020","16","3.07","20","1","2"
"101","3","03/01/2020","16","3.1","20","1","1"
"101","3","03/01/2020","16","3.1","19","2","1"
"101","3","03/01/2020","16","3.2","20","2","1"
"101","3","03/01/2020","17","3.12","20","4","1"
"101","3","03/01/2020","17","3.17","21","4","1"
"101","3","03/01/2020","17","3.26","22","4","1"
"101","3","03/01/2020","17","3.37","23","4","1"
"101","3","03/01/2020","17","3.4","23","2","1"
"101","3","03/01/2020","17","3.52","24","2","1"
"101","3","03/01/2020","17","3.56","24","1","1"
"101","3","03/01/2020","17","3.58","24","2","1"
"101","3","03/01/2020","17","3.59","24","2","1"
"101","1","04/01/2020","8","0.08","0","2","2"
"101","1","04/01/2020","8","0.08","1","2","2"
"101","1","04/01/2020","8","0.1","1","3","1"
"101","1","04/01/2020","8","0.15","2","3","2"
"101","1","04/01/2020","8","0.19","2","3","2"
"101","1","04/01/2020","8","0.18","2","1","1"
"101","1","04/01/2020","8","0.17","2","3","2"
"101","1","04/01/2020","8","0.23","3","3","2"
"101","1","04/01/2020","8","0.25","3","3","1"
"101","1","04/01/2020","8","0.26","3","1","1"
"101","1","04/01/2020","8","0.27","3","2","2"
"101","1","04/01/2020","8","0.25","3","2","2"
"101","1","04/01/2020","9","0.25","3","3","1"
"101","1","04/01/2020","9","0.3","4","3","2"
"101","1","04/01/2020","9","0.38","5","3","2"
"101","1","04/01/2020","9","0.38","5","3","1"
"101","1","04/01/2020","9","0.44","6","3","2"
"101","1","04/01/2020","9","0.47","7","3","2"
"101","1","04/01/2020","9","0.5","7","2","1"
"101","1","04/01/2020","9","0.57","8","2","1"
"101","1","04/01/2020","9","0.57","8","3","2"
"101","1","04/01/2020","9","0.59","8","3","2"
"101","1","04/01/2020","9","1.03","9","3","2"
"101","1","04/01/2020","9","1.01","9","3","2"
"101","1","04/01/2020","9","1.06","10","3","1"
"101","1","04/01/2020","9","1.12","10","3","2"
"101","1","04/01/2020","9","1.12","10","2","2"
"101","1","04/01/2020","9","1.11","10","2","1"
"101","1","04/01/2020","10","1.15","11","2","2"
"101","1","04/01/2020","10","1.13","11","2","2"
"101","1","04/01/2020","10","1.11","11","2","2"
"101","1","04/01/2020","10","1.16","12","2","2"
"101","1","04/01/2020","10","1.2","13","2","1"
"101","1","04/01/2020","10","1.22","13","2","2"
"101","1","04/01/2020","10","1.2","12","2","2"
"101","1","04/01/2020","10","1.23","13","2","1"
"101","1","04/01/2020","10","1.22","12","2","2"
"101","1","04/01/2020","10","1.27","13","2","2"
"101","1","04/01/2020","10","1.25","13","1","1"
"101","1","04/01/2020","11","1.27","13","2","2"
"101","1","04/01/2020","11","1.27","13","2","2"
"101","1","04/01/2020","11","1.29","13","1","1"
"101","1","04/01/2020","11","1.3","13","2","1"
"101","1","04/01/2020","11","1.34","13","2","2"
"101","1","04/01/2020","11","1.34","13","2","2"
"101","1","04/01/2020","11","1.39","13","2","1"
"101","1","04/01/2020","11","1.39","13","2","1"
"101","1","04/01/2020","11","1.37","14","2","2"
"101","1","04/01/2020","11","1.35","13","1","2"
"101","2","04/01/2020","12","1.33","13","1","2"
"101","2","04/01/2020","12","1.32","13","3","2"
"101","2","04/01/2020","12","1.37","14","3","1"
"101","2","04/01/2020","12","1.45","14","3","1"
"101","2","04/01/2020","12","1.44","14","2","2"
"101","2","04/01/2020","12","1.49","15","2","2"
"101","2","04/01/2020","12","1.53","15","1","1"
"101","2","04/01/2020","12","1.52","15","3","1"
"101","2","04/01/2020","12","1.58","16","3","2"
"101","2","04/01/2020","12","1.57","16","3","2"
"101","2","04/01/2020","12","1.59","16","4","1"
"101","2","04/01/2020","12","2.05","17","4","2"
"101","2","04/01/2020","12","2.1","18","4","2"
"101","2","04/01/2020","12","2.15","19","4","1"
"101","2","04/01/2020","13","2.18","19","2","2"
"101","2","04/01/2020","13","2.18","20","2","2"
"101","2","04/01/2020","13","2.19","20","2","1"
"101","2","04/01/2020","13","2.19","20","2","2"
"101","2","04/01/2020","13","2.19","20","1","2"
"101","2","04/01/2020","13","2.2","20","2","1"
"101","2","04/01/2020","13","2.21","20","2","2"
"101","2","04/01/2020","13","2.23","20","1","2"
"101","2","04/01/2020","13","2.2","20","4","1"
"101","2","04/01/2020","13","2.26","21","4","2"
"101","2","04/01/2020","13","2.31","21","4","2"
"101","2","04/01/2020","13","2.37","22","4","1"
"101","2","04/01/2020","14","2.39","23","4","1"
"101","2","04/01/2020","14","2.45","23","4","2"
"101","2","04/01/2020","14","2.48","24","4","2"
"101","2","04/01/2020","14","2.53","25","4","1"
"101","2","04/01/2020","14","2.52","25","2","2"
"101","2","04/01/2020","14","2.56","26","2","2"
"101","2","04/01/2020","14","2.54","26","2","2"
"101","2","04/01/2020","14","2.55","26","2","2"
"101","2","04/01/2020","14","2.59","26","2","1"
"101","2","04/01/2020","14","3.02","27","2","1"
"101","2","04/01/2020","14","3.01","27","1","2"
"101","2","04/01/2020","14","2.59","26","3","2"
"101","2","04/01/2020","14","3.05","27","3","1"
"101","2","04/01/2020","14","3.09","27","3","2"
"101","2","04/01/2020","15","3.09","28","1","2"
"101","2","04/01/2020","15","3.1","28","3","1"
"101","2","04/01/2020","15","3.15","29","3","2"
"101","2","04/01/2020","15","3.2","29","3","2"
"101","2","04/01/2020","15","3.2","29","3","1"
"101","2","04/01/2020","15","3.25","30","3","2"
"101","2","04/01/2020","15","3.28","30","3","2"
"101","2","04/01/2020","15","3.27","30","2","2"
"101","2","04/01/2020","15","3.3","30","2","2"
"101","2","04/01/2020","15","3.32","31","2","1"
"101","2","04/01/2020","15","3.39","32","2","1"
"101","2","04/01/2020","15","3.36","32","1","2"
"101","3","04/01/2020","16","3.36","31","2","2"
"101","3","04/01/2020","16","3.36","31","2","1"
"101","3","04/01/2020","16","3.33","31","1","1"
"101","3","04/01/2020","16","3.32","31","2","2"
"101","3","04/01/2020","16","3.37","31","2","2"
"101","3","04/01/2020","16","3.41","32","4","1"
"101","3","04/01/2020","16","3.46","33","4","2"
"101","3","04/01/2020","16","3.52","33","4","2"
"101","3","04/01/2020","16","3.55","34","4","1"
"101","3","04/01/2020","16","3.58","34","2","2"
"101","3","04/01/2020","16","3.56","34","2","2"
"101","3","04/01/2020","16","3.54","34","1","1"
"101","3","04/01/2020","17","3.52","34","2","2"
"101","3","04/01/2020","17","3.57","34","2","2"
"101","3","04/01/2020","17","4.0","34","2","1"
"101","3","04/01/2020","17","4.04","35","2","1"
"101","3","04/01/2020","17","4.04","34","1","1"
"101","3","04/01/2020","17","4.04","35","2","2"
"101","3","04/01/2020","17","4.06","35","2","2"
"101","3","04/01/2020","17","4.06","35","1","1"
"101","3","04/01/2020","17","4.04","35","1","2"
"101","3","04/01/2020","18","4.04","35","2","2"
"101","1","05/01/2020","8","0.06","0","3","2"
"101","1","05/01/2020","8","0.1","1","3","2"
"101","1","05/01/2020","8","0.12","2","3","2"
"101","1","05/01/2020","8","0.14","2","5","2"
"101","1","05/01/2020","8","0.15","2","5","2"
"101","1","05/01/2020","8","0.19","3","5","2"
"101","1","05/01/2020","8","0.24","4","5","1"
"101","1","05/01/2020","8","0.28","4","5","2"
"101","1","05/01/2020","8","0.32","5","4","2"
"101","1","05/01/2020","8","0.37","6","4","2"
"101","1","05/01/2020","8","0.43","7","4","2"
"101","1","05/01/2020","8","0.45","7","4","1"
"101","1","05/01/2020","8","0.47","7","5","2"
"101","1","05/01/2020","8","0.51","8","5","2"
"101","1","05/01/2020","8","0.49","8","5","2"
"101","1","05/01/2020","8","0.54","9","5","2"
"101","1","05/01/2020","8","0.59","10","5","2"
"101","1","05/01/2020","8","1.03","11","4","2"
"101","1","05/01/2020","8","1.08","12","4","2"
"101","1","05/01/2020","8","1.13","13","4","2"
"101","1","05/01/2020","8","1.1","13","4","2"
"101","1","05/01/2020","8","1.12","13","2","2"
"101","1","05/01/2020","8","1.14","13","2","1"
"101","1","05/01/2020","9","1.14","13","2","2"
"101","1","05/01/2020","9","1.14","13","2","2"
"101","1","05/01/2020","9","1.17","14","3","2"
"101","1","05/01/2020","9","1.18","14","3","2"
"101","1","05/01/2020","9","1.18","14","3","2"
"101","1","05/01/2020","9","1.23","15","4","2"
"101","1","05/01/2020","9","1.24","14","4","1"
"101","1","05/01/2020","9","1.29","15","4","2"
"101","1","05/01/2020","9","1.34","16","4","2"
"101","1","05/01/2020","9","1.38","16","4","1"
"101","1","05/01/2020","9","1.43","17","4","2"
"101","1","05/01/2020","9","1.45","18","4","2"
"101","1","05/01/2020","9","1.48","18","4","2"
"101","1","05/01/2020","9","1.49","19","2","2"
"101","1","05/01/2020","9","1.5","19","2","2"
"101","1","05/01/2020","9","1.51","19","2","2"
"101","1","05/01/2020","9","1.5","18","2","2"
"101","1","05/01/2020","10","1.5","19","2","2"
"101","1","05/01/2020","10","1.52","19","2","2"
"101","1","05/01/2020","10","1.51","19","5","2"
"101","1","05/01/2020","10","1.56","20","5","1"
"101","1","05/01/2020","10","1.58","21","5","2"
"101","1","05/01/2020","10","2.02","21","5","2"
"101","1","05/01/2020","10","2.08","22","5","2"
"101","1","05/01/2020","10","2.07","22","2","2"
"101","1","05/01/2020","10","2.08","22","2","2"
"101","1","05/01/2020","10","2.1","23","2","2"
"101","1","05/01/2020","10","2.1","23","2","2"
"101","1","05/01/2020","10","2.09","23","2","2"
"101","1","05/01/2020","10","2.13","23","2","2"
"101","1","05/01/2020","10","2.15","24","4","2"
"101","1","05/01/2020","10","2.19","25","4","1"
"101","1","05/01/2020","10","2.18","25","4","2"
"101","1","05/01/2020","10","2.21","25","4","2"
"101","1","05/01/2020","11","2.24","26","2","2"
"101","1","05/01/2020","11","2.23","26","2","2"
"101","1","05/01/2020","11","2.25","26","3","2"
"101","1","05/01/2020","11","2.24","26","3","2"
"101","1","05/01/2020","11","2.29","27","3","2"
"101","1","05/01/2020","11","2.34","28","3","2"
"101","1","05/01/2020","11","2.37","28","3","2"
"101","1","05/01/2020","11","2.35","28","3","2"
"101","1","05/01/2020","11","2.36","28","3","2"
"101","1","05/01/2020","11","2.42","29","3","2"
"101","1","05/01/2020","11","2.44","30","3","1"
"101","1","05/01/2020","11","2.46","30","4","2"
"101","1","05/01/2020","11","2.48","31","4","2"
"101","1","05/01/2020","11","2.49","30","4","2"
"101","1","05/01/2020","11","2.55","31","4","2"
"101","1","05/01/2020","11","2.55","31","4","2"
"101","1","05/01/2020","11","2.57","32","4","2"
"101","1","05/01/2020","11","3.03","33","4","2"
"101","1","05/01/2020","11","3.07","34","4","2"
"101","2","05/01/2020","12","3.07","34","3","1"
"101","2","05/01/2020","12","3.12","35","3","2"
"101","2","05/01/2020","12","3.12","35","3","2"
"101","2","05/01/2020","12","3.14","36","3","3"
"101","2","05/01/2020","12","3.15","36","3","3"
"101","2","05/01/2020","12","3.16","36","3","3"
"101","2","05/01/2020","12","3.21","37","2","1"
"101","2","05/01/2020","12","3.19","37","2","2"
"101","2","05/01/2020","12","3.18","36","1","2"
"101","2","05/01/2020","12","3.16","36","2","3"
"101","2","05/01/2020","12","3.14","36","2","3"
"101","2","05/01/2020","12","3.17","36","4","3"
"101","2","05/01/2020","12","3.24","37","4","1"
"101","2","05/01/2020","12","3.28","38","4","1"
"101","2","05/01/2020","12","3.28","38","4","3"
"101","2","05/01/2020","13","3.27","38","2","3"
"101","2","05/01/2020","13","3.29","38","2","3"
"101","2","05/01/2020","13","3.3","38","3","1"
"101","2","05/01/2020","13","3.31","39","3","3"
"101","2","05/01/2020","13","3.31","39","3","3"
"101","2","05/01/2020","13","3.32","39","1","3"
"101","2","05/01/2020","13","3.32","39","3","1"
"101","2","05/01/2020","13","3.36","39","3","2"
"101","2","05/01/2020","13","3.36","39","3","2"
"101","2","05/01/2020","13","3.39","39","2","1"
"101","2","05/01/2020","13","3.38","39","2","2"
"101","2","05/01/2020","13","3.37","39","2","2"
"101","2","05/01/2020","13","3.4","40","2","2"
"101","2","05/01/2020","14","3.42","40","2","2"
"101","2","05/01/2020","14","3.42","40","2","2"
"101","2","05/01/2020","14","3.39","40","4","2"
"101","2","05/01/2020","14","3.4","41","4","2"
"101","2","05/01/2020","14","3.44","41","4","2"
"101","2","05/01/2020","14","3.5","42","4","2"
"101","2","05/01/2020","14","3.53","42","2","2"
"101","2","05/01/2020","14","3.53","43","2","1"
"101","2","05/01/2020","14","3.54","43","3","2"
"101","2","05/01/2020","14","3.59","43","3","2"
"101","2","05/01/2020","14","4.01","44","3","2"
"101","2","05/01/2020","14","4.0","44","2","2"
"101","2","05/01/2020","14","4.01","44","2","2"
"101","2","05/01/2020","14","4.02","44","2","2"
"101","2","05/01/2020","14","4.01","44","2","1"
"101","2","05/01/2020","15","3.59","43","1","2"
"101","2","05/01/2020","15","4.0","43","2","2"
"101","2","05/01/2020","15","4.0","43","2","2"
"101","2","05/01/2020","15","4.0","43","2","2"
"101","2","05/01/2020","15","4.01","43","2","2"
"101","2","05/01/2020","15","4.01","43","2","2"
"101","2","05/01/2020","15","4.04","43","2","1"
"101","2","05/01/2020","15","4.07","44","3","2"
"101","2","05/01/2020","15","4.06","44","3","2"
"101","2","05/01/2020","15","4.1","44","3","2"
"101","2","05/01/2020","15","4.13","45","3","2"
"101","2","05/01/2020","15","4.16","45","3","1"
"101","2","05/01/2020","15","4.17","45","3","3"
"101","3","05/01/2020","16","4.16","45","2","3"
"101","3","05/01/2020","16","4.22","46","2","3"
"101","3","05/01/2020","16","4.2","46","2","1"
"101","3","05/01/2020","16","4.2","46","2","2"
"101","3","05/01/2020","16","4.19","46","2","2"
"101","3","05/01/2020","16","4.2","46","2","2"
"101","3","05/01/2020","16","4.21","46","3","2"
"101","3","05/01/2020","16","4.25","47","3","2"
"101","3","05/01/2020","16","4.25","47","3","2"
"101","3","05/01/2020","16","4.25","47","1","2"
"101","3","05/01/2020","16","4.23","46","4","2"
"101","3","05/01/2020","16","4.27","47","4","2"
"101","3","05/01/2020","16","4.3","48","4","2"
"101","3","05/01/2020","16","4.31","48","4","2"
"101","3","05/01/2020","17","4.32","49","3","2"
"101","3","05/01/2020","17","4.36","49","3","1"
"101","3","05/01/2020","17","4.37","50","3","3"
"101","3","05/01/2020","17","4.35","50","4","3"
"101","3","05/01/2020","17","4.42","51","4","3"
"101","3","05/01/2020","17","4.46","52","4","1"
"101","3","05/01/2020","17","4.5","52","4","2"
"101","3","05/01/2020","17","4.51","53","4","2"
"101","3","05/01/2020","17","4.52","53","4","2"
"101","3","05/01/2020","17","4.57","54","4","2"
"101","3","05/01/2020","17","5.01","54","4","2"
"101","3","05/01/2020","17","5.04","55","3","2"
"101","3","05/01/2020","17","5.05","55","3","2"
"101","3","05/01/2020","17","5.08","56","3","2"
"101","3","05/01/2020","17","5.11","56","4","1"
"101","3","05/01/2020","17","5.08","55","4","2"
"101","3","05/01/2020","17","5.53","56","4","2"
"101","3","05/01/2020","17","5.57","57","4","2"
"101","3","05/01/2020","17","5.57","57","3","2"
"101","3","05/01/2020","17","5.61","58","3","2"
"101","3","05/01/2020","17","5.63","58","3","2"
"101","3","05/01/2020","18","5.28","59","2","2"
"101","1","06/01/2020","8","0.12","0","4","1"
"101","1","06/01/2020","8","0.18","1","4","1"
"101","1","06/01/2020","8","0.3","2","4","1"
"101","1","06/01/2020","8","0.33","3","4","1"
"101","1","06/01/2020","8","0.43","4","1","1"
"101","1","06/01/2020","8","0.35","3","1","1"
"101","1","06/01/2020","8","0.33","3","1","1"
"101","1","06/01/2020","8","0.33","3","1","1"
"101","1","06/01/2020","9","0.36","2","1","1"
"101","1","06/01/2020","9","0.38","2","1","1"
"101","1","06/01/2020","9","0.38","3","3","2"
"101","1","06/01/2020","9","0.48","3","3","2"
"101","1","06/01/2020","9","0.52","4","3","1"
"101","1","06/01/2020","9","1.0","5","1","1"
"101","1","06/01/2020","9","0.58","5","1","1"
"101","1","06/01/2020","9","0.54","5","1","1"
"101","1","06/01/2020","10","0.58","5","1","1"
"101","1","06/01/2020","10","1.01","6","2","1"
"101","1","06/01/2020","10","1.09","6","2","1"
"101","1","06/01/2020","10","1.11","6","1","1"
"101","1","06/01/2020","10","1.15","7","2","1"
"101","1","06/01/2020","10","1.25","7","2","1"
"101","1","06/01/2020","10","1.23","7","2","1"
"101","1","06/01/2020","10","1.3","7","2","1"
"101","1","06/01/2020","11","1.28","7","1","1"
"101","1","06/01/2020","11","1.37","7","2","1"
"101","1","06/01/2020","11","1.51","8","2","1"
"101","1","06/01/2020","11","1.5","9","1","1"
"101","1","06/01/2020","11","1.54","9","2","1"
"101","1","06/01/2020","11","1.57","9","2","1"
"101","1","06/01/2020","11","1.58","9","1","1"
"101","2","06/01/2020","12","1.54","10","2","1"
"101","2","06/01/2020","12","2.08","11","2","1"
"101","2","06/01/2020","12","2.01","10","1","2"
"101","2","06/01/2020","12","2.01","11","1","2"
"101","2","06/01/2020","12","2.01","10","2","1"
"101","2","06/01/2020","12","2.07","11","2","1"
"101","2","06/01/2020","12","2.14","11","2","1"
"101","2","06/01/2020","12","2.22","12","2","1"
"101","2","06/01/2020","13","2.31","13","1","1"
"101","2","06/01/2020","13","2.31","12","1","1"
"101","2","06/01/2020","13","2.33","13","1","1"
"101","2","06/01/2020","13","2.28","13","1","2"
"101","2","06/01/2020","13","2.25","13","3","2"
"101","2","06/01/2020","13","2.38","13","3","1"
"101","2","06/01/2020","13","2.49","14","3","1"
"101","2","06/01/2020","13","2.56","15","4","1"
"101","2","06/01/2020","13","3.04","16","4","1"
"101","2","06/01/2020","13","3.19","17","4","1"
"101","2","06/01/2020","13","3.29","17","4","1"
"101","2","06/01/2020","14","3.26","18","1","1"
"101","2","06/01/2020","14","3.29","18","1","1"
"101","2","06/01/2020","14","3.38","18","1","1"
"101","2","06/01/2020","14","3.44","18","3","1"
"101","2","06/01/2020","14","3.53","19","3","1"
"101","2","06/01/2020","14","4.06","20","3","1"
"101","2","06/01/2020","14","4.05","20","2","2"
"101","2","06/01/2020","14","4.15","21","2","2"
"101","2","06/01/2020","14","4.25","22","1","1"
"101","2","06/01/2020","15","4.28","22","3","1"
"101","2","06/01/2020","15","4.38","23","3","1"
"101","2","06/01/2020","15","4.4","24","3","1"
"101","2","06/01/2020","15","4.37","24","1","1"
"101","2","06/01/2020","15","4.44","24","3","1"
"101","2","06/01/2020","15","4.53","25","3","1"
"101","2","06/01/2020","15","5.07","26","3","1"
"101","2","06/01/2020","15","5.04","26","1","1"
"101","2","06/01/2020","15","4.57","26","3","2"
"101","2","06/01/2020","15","5.49","27","3","2"
"101","2","06/01/2020","15","5.52","27","3","2"
"101","3","06/01/2020","16","5.16","27","2","2"
"101","3","06/01/2020","16","5.23","28","2","1"
"101","3","06/01/2020","16","5.21","28","1","1"
"101","3","06/01/2020","16","5.15","27","1","1"
"101","3","06/01/2020","16","5.61","28","1","1"
"101","3","06/01/2020","16","5.59","28","2","1"
"101","3","06/01/2020","16","5.74","28","2","1"
"101","3","06/01/2020","17","5.28","29","1","2"
"101","3","06/01/2020","17","5.34","29","1","2"
"101","3","06/01/2020","17","5.69","28","2","1"
"101","3","06/01/2020","17","5.81","29","2","1"
"101","3","06/01/2020","17","5.81","30","3","1"
"101","3","06/01/2020","17","5.96","31","3","1"
"101","3","06/01/2020","17","6.05","32","3","1"
"101","3","06/01/2020","17","6.45","32","3","1"
"101","3","06/01/2020","17","6.53","33","3","2"
"101","3","06/01/2020","17","6.6","34","3","2"
"101","1","07/01/2020","8","0.08","0","2","2"
"101","1","07/01/2020","8","0.13","1","2","2"
"101","1","07/01/2020","8","0.21","1","1","1"
"101","1","07/01/2020","8","0.23","1","2","1"
"101","1","07/01/2020","8","0.28","2","2","1"
"101","1","07/01/2020","8","0.35","3","1","1"
"101","1","07/01/2020","8","0.34","3","2","1"
"101","1","07/01/2020","8","0.36","4","2","1"
"101","1","07/01/2020","9","0.37","3","2","1"
"101","1","07/01/2020","9","0.44","4","2","1"
"101","1","07/01/2020","9","0.44","4","1","1"
"101","1","07/01/2020","9","0.45","4","1","1"
"101","1","07/01/2020","9","0.46","4","1","2"
"101","1","07/01/2020","9","0.39","4","1","2"
"101","1","07/01/2020","9","0.38","4","2","1"
"101","1","07/01/2020","9","0.43","5","2","1"
"101","1","07/01/2020","10","0.48","5","1","1"
"101","1","07/01/2020","10","0.5","4","1","1"
"101","1","07/01/2020","10","0.54","4","2","1"
"101","1","07/01/2020","10","1.0","5","2","1"
"101","1","07/01/2020","10","1.02","5","2","1"
"101","1","07/01/2020","10","1.11","5","2","1"
"101","1","07/01/2020","10","1.14","6","1","1"
"101","1","07/01/2020","11","1.2","6","2","1"
"101","1","07/01/2020","11","1.2","6","2","2"
"101","1","07/01/2020","11","1.23","6","1","2"
"101","1","07/01/2020","11","1.18","6","4","1"
"101","1","07/01/2020","11","1.26","7","4","2"
"101","1","07/01/2020","11","1.33","8","4","2"
"101","1","07/01/2020","11","1.45","9","4","1"
"101","1","07/01/2020","11","1.41","9","3","1"
"101","1","07/01/2020","11","1.46","9","3","1"
"101","1","07/01/2020","11","1.55","10","3","1"
"101","2","07/01/2020","12","2.01","11","2","1"
"101","2","07/01/2020","12","2.02","11","2","2"
"101","2","07/01/2020","12","2.09","12","1","2"
"101","2","07/01/2020","12","2.06","13","3","2"
"101","2","07/01/2020","12","2.12","13","3","2"
"101","2","07/01/2020","12","2.12","14","3","1"
"101","2","07/01/2020","12","2.08","13","2","1"
"101","2","07/01/2020","12","2.21","14","2","1"
"101","2","07/01/2020","12","2.21","14","1","1"
"101","2","07/01/2020","13","2.23","14","1","1"
"101","2","07/01/2020","13","2.24","14","1","1"
"101","2","07/01/2020","13","2.28","14","1","1"
"101","2","07/01/2020","13","2.25","14","1","1"
"101","2","07/01/2020","13","2.29","14","1","1"
"101","2","07/01/2020","13","2.36","14","1","1"
"101","2","07/01/2020","14","2.41","15","1","1"
"101","2","07/01/2020","14","2.39","14","3","2"
"101","2","07/01/2020","14","2.47","15","3","2"
"101","2","07/01/2020","14","2.57","16","3","1"
"101","2","07/01/2020","14","2.55","15","1","1"
"101","2","07/01/2020","14","2.59","16","3","1"
"101","2","07/01/2020","14","3.08","16","3","1"
"101","2","07/01/2020","14","3.23","17","3","1"
"101","2","07/01/2020","14","3.19","17","1","2"
"101","2","07/01/2020","15","3.16","17","3","2"
"101","2","07/01/2020","15","3.18","17","3","1"
"101","2","07/01/2020","15","3.25","18","3","1"
"101","2","07/01/2020","15","3.28","19","1","2"
"101","2","07/01/2020","15","3.25","19","2","2"
"101","2","07/01/2020","15","3.24","20","2","1"
"101","2","07/01/2020","15","3.32","20","1","1"
"101","2","07/01/2020","15","3.3","21","1","1"
"101","2","07/01/2020","15","3.27","21","2","1"
"101","2","07/01/2020","15","3.4","22","2","1"
"101","3","07/01/2020","16","3.42","21","1","1"
"101","3","07/01/2020","16","3.42","21","1","1"
"101","3","07/01/2020","16","3.44","22","1","1"
"101","3","07/01/2020","16","3.54","22","2","1"
"101","3","07/01/2020","16","4.04","23","2","1"
"101","3","07/01/2020","16","4.02","23","1","1"
"101","3","07/01/2020","16","4.02","23","1","1"
"101","3","07/01/2020","17","4.03","23","1","1"
"101","3","07/01/2020","17","4.06","23","1","1"
"101","3","07/01/2020","17","4.13","23","1","1"
"101","3","07/01/2020","17","4.1","23","1","1"
"101","3","07/01/2020","17","4.13","23","1","1"
"101","3","07/01/2020","17","4.15","24","1","1"
"201","1","01/01/2020","8","0.16","0","1","1"
"201","1","01/01/2020","8","0.1","1","1","1"
"201","1","01/01/2020","8","0.1","1","1","1"
"201","1","01/01/2020","9","0.19","1","1","1"
"201","1","01/01/2020","9","0.18","1","1","1"
"201","1","01/01/2020","9","0.09","1","1","1"
"201","1","01/01/2020","9","0.19","1","1","1"
"201","1","01/01/2020","10","0.08","1","1","1"
"201","1","01/01/2020","10","0.26","1","2","1"
"201","1","01/01/2020","10","0.35","2","2","1"
"201","1","01/01/2020","10","0.3","2","1","1"
"201","1","01/01/2020","10","0.26","2","1","1"
"201","1","01/01/2020","11","0.12","1","1","1"
"201","1","01/01/2020","11","0.1","1","1","1"
"201","1","01/01/2020","11","0.13","1","1","1"
"201","2","01/01/2020","12","0.1","1","1","1"
"201","2","01/01/2020","12","0.2","1","2","1"
"201","2","01/01/2020","12","0.25","1","2","1"
"201","2","01/01/2020","12","0.23","2","1","1"
"201","2","01/01/2020","13","0.16","1","1","1"
"201","2","01/01/2020","13","0.12","1","1","1"
"201","2","01/01/2020","13","0.1","1","1","1"
"201","2","01/01/2020","14","0.18","1","1","1"
"201","2","01/01/2020","14","0.08","1","2","2"
"201","2","01/01/2020","14","0.22","1","2","2"
"201","2","01/01/2020","15","0.14","1","1","1"
"201","2","01/01/2020","15","0.18","1","1","1"
"201","2","01/01/2020","15","0.11","1","1","1"
"201","2","01/01/2020","15","0.09","1","1","1"
"201","3","01/01/2020","16","0.15","1","2","1"
"201","3","01/01/2020","16","0.3","2","2","1"
"201","3","01/01/2020","16","0.22","1","1","1"
"201","3","01/01/2020","16","0.32","2","1","1"
"201","3","01/01/2020","16","0.25","1","1","1"
"201","3","01/01/2020","17","0.18","1","1","1"
"201","3","01/01/2020","17","0.14","1","1","1"
"201","3","01/01/2020","17","0.18","1","1","1"
"201","1","02/01/2020","8","0.16","0","2","1"
"201","1","02/01/2020","8","0.27","1","2","1"
"201","1","02/01/2020","8","0.31","2","1","1"
"201","1","02/01/2020","8","0.21","1","1","1"
"201","1","02/01/2020","9","0.16","1","1","1"
"201","1","02/01/2020","9","0.11","1","1","1"
"201","1","02/01/2020","10","0.14","1","3","1"
"201","1","02/01/2020","10","0.26","1","3","1"
"201","1","02/01/2020","10","0.41","2","3","1"
"201","1","02/01/2020","10","0.43","3","1","1"
"201","1","02/01/2020","10","0.49","3","1","1"
"201","1","02/01/2020","10","0.57","3","1","1"
"201","1","02/01/2020","10","0.63","4","1","1"
"201","1","02/01/2020","11","0.44","2","1","1"
"201","1","02/01/2020","11","0.24","1","1","1"
"201","2","02/01/2020","12","0.19","1","1","1"
"201","2","02/01/2020","12","0.25","1","1","1"
"201","2","02/01/2020","13","0.2","1","2","1"
"201","2","02/01/2020","13","0.31","1","2","1"
"201","2","02/01/2020","13","0.41","2","2","1"
"201","2","02/01/2020","13","0.52","3","2","1"
"201","2","02/01/2020","13","0.4","2","1","1"
"201","2","02/01/2020","14","0.24","2","1","1"
"201","2","02/01/2020","14","0.18","1","1","1"
"201","2","02/01/2020","14","0.27","1","1","1"
"201","2","02/01/2020","15","0.22","1","1","1"
"201","2","02/01/2020","15","0.26","1","1","1"
"201","3","02/01/2020","16","0.15","1","1","1"
"201","3","02/01/2020","16","0.2","1","1","1"
"201","3","02/01/2020","16","0.14","1","1","1"
"201","3","02/01/2020","17","0.19","1","1","1"
"201","3","02/01/2020","17","0.2","1","1","1"
"201","3","02/01/2020","17","0.19","1","1","1"
"201","1","03/01/2020","8","0.23","0","1","1"
"201","1","03/01/2020","8","0.17","1","1","1"
"201","1","03/01/2020","8","0.15","1","1","1"
"201","1","03/01/2020","9","0.23","1","1","1"
"201","1","03/01/2020","9","0.24","1","1","1"
"201","1","03/01/2020","10","0.22","1","2","1"
"201","1","03/01/2020","10","0.39","1","2","1"
"201","1","03/01/2020","10","0.4","1","1","1"
"201","1","03/01/2020","10","0.28","1","1","1"
"201","1","03/01/2020","11","0.17","1","1","1"
"201","1","03/01/2020","11","0.22","1","1","1"
"201","2","03/01/2020","12","0.16","1","1","1"
"201","2","03/01/2020","12","0.35","1","1","1"
"201","2","03/01/2020","13","0.22","1","1","1"
"201","2","03/01/2020","13","0.28","1","1","1"
"201","2","03/01/2020","13","0.2","1","1","1"
"201","2","03/01/2020","14","0.25","1","1","1"
"201","2","03/01/2020","14","0.24","1","1","1"
"201","2","03/01/2020","14","0.17","1","1","1"
"201","2","03/01/2020","15","0.19","1","1","1"
"201","2","03/01/2020","15","0.19","1","2","1"
"201","2","03/01/2020","15","0.39","2","2","1"
"201","3","03/01/2020","16","0.37","1","1","1"
"201","3","03/01/2020","16","0.46","2","1","1"
"201","3","03/01/2020","17","0.34","1","2","1"
"201","3","03/01/2020","17","0.48","2","2","1"
"201","3","03/01/2020","17","0.48","2","1","1"
"201","3","03/01/2020","17","0.61","3","1","1"
"201","3","03/01/2020","17","0.55","2","1","1"
"201","1","04/01/2020","8","0.22","0","2","1"
"201","1","04/01/2020","8","0.35","1","2","1"
"201","1","04/01/2020","8","0.41","2","1","1"
"201","1","04/01/2020","8","0.29","1","1","1"
"201","1","04/01/2020","9","0.35","1","1","1"
"201","1","04/01/2020","9","0.93","2","1","1"
"201","1","04/01/2020","9","1.03","2","1","1"
"201","1","04/01/2020","9","0.98","2","1","1"
"201","1","04/01/2020","10","0.93","2","1","1"
"201","1","04/01/2020","10","1.14","2","1","1"
"201","1","04/01/2020","11","1.0","2","1","1"
"201","1","04/01/2020","11","0.99","2","2","1"
"201","1","04/01/2020","11","1.17","3","2","1"
"201","2","04/01/2020","12","1.18","3","2","1"
"201","2","04/01/2020","12","1.38","4","2","1"
"201","2","04/01/2020","12","1.31","4","1","1"
"201","2","04/01/2020","13","1.16","3","1","1"
"201","2","04/01/2020","13","1.21","3","1","1"
"201","2","04/01/2020","13","1.14","3","1","1"
"201","2","04/01/2020","14","1.34","3","1","1"
"201","2","04/01/2020","14","1.29","3","2","1"
"201","2","04/01/2020","14","1.48","4","2","1"
"201","2","04/01/2020","15","1.51","4","1","1"
"201","2","04/01/2020","15","1.49","4","1","1"
"201","2","04/01/2020","15","1.32","4","1","1"
"201","3","04/01/2020","16","1.44","4","1","1"
"201","3","04/01/2020","16","1.49","5","1","1"
"201","3","04/01/2020","16","1.52","5","1","1"
"201","3","04/01/2020","17","1.59","5","1","1"
"201","3","04/01/2020","17","2.19","6","1","1"
"201","3","04/01/2020","17","2.05","5","1","1"
"201","3","04/01/2020","17","2.26","5","1","1"
"201","1","05/01/2020","8","0.12","0","3","1"
"201","1","05/01/2020","8","0.27","1","3","1"
"201","1","05/01/2020","8","0.37","2","3","1"
"201","1","05/01/2020","8","0.44","3","2","1"
"201","1","05/01/2020","8","0.91","3","2","1"
"201","1","05/01/2020","8","1.07","4","3","1"
"201","1","05/01/2020","8","1.17","5","3","1"
"201","1","05/01/2020","8","1.34","5","3","1"
"201","1","05/01/2020","8","1.25","5","1","1"
"201","1","05/01/2020","9","1.23","5","2","1"
"201","1","05/01/2020","9","1.37","6","2","1"
"201","1","05/01/2020","9","1.5","6","1","1"
"201","1","05/01/2020","9","1.46","6","1","1"
"201","1","05/01/2020","9","1.57","7","1","1"
"201","1","05/01/2020","9","2.02","8","1","1"
"201","1","05/01/2020","9","2.02","8","1","1"
"201","1","05/01/2020","10","2.11","9","2","1"
"201","1","05/01/2020","10","2.24","10","2","1"
"201","1","05/01/2020","10","2.29","10","1","1"
"201","1","05/01/2020","10","2.32","10","1","1"
"201","1","05/01/2020","10","2.43","10","1","1"
"201","1","05/01/2020","10","2.43","10","1","1"
"201","1","05/01/2020","11","2.4","10","2","1"
"201","1","05/01/2020","11","2.57","11","2","1"
"201","1","05/01/2020","11","3.06","11","1","1"
"201","1","05/01/2020","11","3.14","12","1","1"
"201","1","05/01/2020","11","3.12","12","1","1"
"201","1","05/01/2020","11","3.12","12","1","1"
"201","2","05/01/2020","12","3.04","11","2","1"
"201","2","05/01/2020","12","3.17","12","2","1"
"201","2","05/01/2020","12","3.15","12","2","1"
"201","2","05/01/2020","12","3.27","13","2","1"
"201","2","05/01/2020","12","3.35","13","1","1"
"201","2","05/01/2020","12","3.4","14","1","1"
"201","2","05/01/2020","13","3.37","14","1","1"
"201","2","05/01/2020","13","3.37","14","1","1"
"201","2","05/01/2020","13","3.36","13","1","1"
"201","2","05/01/2020","14","3.34","13","1","1"
"201","2","05/01/2020","14","3.35","14","1","1"
"201","2","05/01/2020","14","3.36","13","1","1"
"201","2","05/01/2020","14","3.34","13","2","1"
"201","2","05/01/2020","14","3.48","14","2","1"
"201","2","05/01/2020","15","3.54","14","2","1"
"201","2","05/01/2020","15","4.11","15","2","1"
"201","2","05/01/2020","15","4.09","15","2","1"
"201","2","05/01/2020","15","4.26","16","2","1"
"201","2","05/01/2020","15","4.24","16","1","1"
"201","2","05/01/2020","15","4.35","17","3","1"
"201","2","05/01/2020","15","4.49","18","3","1"
"201","2","05/01/2020","15","4.52","19","3","1"
"201","3","05/01/2020","16","4.53","19","1","1"
"201","3","05/01/2020","16","4.54","19","1","1"
"201","3","05/01/2020","16","4.56","19","1","1"
"201","3","05/01/2020","16","4.5","19","1","1"
"201","3","05/01/2020","16","4.58","20","1","1"
"201","3","05/01/2020","16","5.04","20","2","1"
"201","3","05/01/2020","16","5.6","21","2","1"
"201","3","05/01/2020","17","5.32","22","1","1"
"201","3","05/01/2020","17","5.34","22","1","1"
"201","3","05/01/2020","17","5.83","23","1","1"
"201","3","05/01/2020","17","5.86","23","1","1"
"201","3","05/01/2020","17","5.81","23","1","1"
"201","1","06/01/2020","8","0.18","0","1","1"
"201","1","06/01/2020","8","0.14","1","1","1"
"201","1","06/01/2020","8","0.17","1","1","1"
"201","1","06/01/2020","8","0.19","1","1","1"
"201","1","06/01/2020","9","0.17","1","1","1"
"201","1","06/01/2020","9","0.16","1","1","1"
"201","1","06/01/2020","9","0.15","1","1","1"
"201","1","06/01/2020","10","0.14","1","1","1"
"201","1","06/01/2020","10","0.14","1","1","1"
"201","1","06/01/2020","10","0.14","1","1","1"
"201","1","06/01/2020","11","0.1","1","1","1"
"201","1","06/01/2020","11","0.11","1","1","1"
"201","1","06/01/2020","11","0.17","1","1","1"
"201","2","06/01/2020","12","0.22","1","1","1"
"201","2","06/01/2020","12","0.21","1","1","1"
"201","2","06/01/2020","12","0.14","1","1","1"
"201","2","06/01/2020","13","0.12","1","1","1"
"201","2","06/01/2020","13","0.17","1","1","1"
"201","2","06/01/2020","13","0.14","1","1","1"
"201","2","06/01/2020","13","0.12","1","1","1"
"201","2","06/01/2020","14","0.17","1","1","1"
"201","2","06/01/2020","14","0.16","1","1","1"
"201","2","06/01/2020","14","0.2","1","1","1"
"201","2","06/01/2020","14","0.16","1","1","1"
"201","2","06/01/2020","15","0.19","1","1","1"
"201","2","06/01/2020","15","0.23","1","1","1"
"201","2","06/01/2020","15","0.27","1","1","1"
"201","2","06/01/2020","15","0.29","1","1","1"
"201","3","06/01/2020","16","0.18","1","1","1"
"201","3","06/01/2020","16","0.2","1","1","1"
"201","3","06/01/2020","16","0.12","1","1","1"
"201","3","06/01/2020","17","0.12","1","1","1"
"201","3","06/01/2020","17","0.11","1","1","1"
"201","1","07/01/2020","8","0.12","0","1","1"
"201","1","07/01/2020","8","0.18","1","1","1"
"201","1","07/01/2020","8","0.19","1","1","1"
"201","1","07/01/2020","8","0.17","1","1","1"
"201","1","07/01/2020","9","0.17","1","1","1"
"201","1","07/01/2020","9","0.19","1","1","1"
"201","1","07/01/2020","9","0.27","1","1","1"
"201","1","07/01/2020","9","0.26","1","1","1"
"201","1","07/01/2020","10","0.24","1","1","1"
"201","1","07/01/2020","10","0.15","1","1","1"
"201","1","07/01/2020","11","0.13","1","1","1"
"201","1","07/01/2020","11","0.12","1","1","1"
"201","1","07/01/2020","11","0.12","1","1","1"
"201","2","07/01/2020","12","0.2","1","1","1"
"201","2","07/01/2020","12","0.18","1","1","1"
"201","2","07/01/2020","13","0.18","1","1","1"
"201","2","07/01/2020","13","0.19","1","1","1"
"201","2","07/01/2020","14","0.11","1","1","1"
"201","2","07/01/2020","14","0.15","1","1","1"
"201","2","07/01/2020","15","0.12","1","1","1"
"201","2","07/01/2020","15","0.11","1","1","1"
"201","2","07/01/2020","15","0.19","1","1","1"
"201","3","07/01/2020","16","0.16","1","1","1"
"201","3","07/01/2020","16","0.19","1","1","1"
"201","3","07/01/2020","17","0.17","1","1","1"
"201","3","07/01/2020","17","0.17","1","1","1"
"201","1","07/01/2020","8","0.14","0","1","1"
"201","1","07/01/2020","8","0.2","1","1","1"
"201","1","07/01/2020","8","0.16","1","1","1"
"201","1","07/01/2020","8","0.22","1","1","1"
"201","1","07/01/2020","9","0.21","1","1","1"
"201","1","07/01/2020","9","0.14","1","1","1"
"201","1","07/01/2020","10","0.19","1","1","1"
"201","1","07/01/2020","10","0.13","1","1","1"
"201","1","07/01/2020","10","0.1","1","1","1"
"201","1","07/01/2020","11","0.13","1","1","1"
"201","1","07/01/2020","11","0.11","1","1","1"
"201","2","07/01/2020","12","0.15","1","1","1"
"201","2","07/01/2020","12","0.18","1","1","1"
"201","2","07/01/2020","12","0.2","1","1","1"
"201","2","07/01/2020","12","0.17","1","1","1"
"201","2","07/01/2020","13","0.1","1","1","1"
"201","2","07/01/2020","13","0.14","1","1","1"
"201","2","07/01/2020","13","0.18","1","1","1"
"201","2","07/01/2020","13","0.14","1","1","1"
"201","2","07/01/2020","14","0.15","1","1","1"
"201","2","07/01/2020","14","0.18","1","1","1"
"201","2","07/01/2020","14","0.18","1","1","1"
"201","2","07/01/2020","15","0.11","1","1","1"
"201","2","07/01/2020","15","0.13","1","1","1"
"201","2","07/01/2020","15","0.16","1","1","1"
"201","3","07/01/2020","16","0.15","1","1","1"
"201","3","07/01/2020","16","0.12","1","1","1"
"201","3","07/01/2020","16","0.16","1","1","1"
"201","3","07/01/2020","17","0.2","1","1","1"
"201","3","07/01/2020","17","0.17","1","1","1"
"201","1","07/01/2020","8","0.16","0","1","1"
"201","1","07/01/2020","8","0.18","1","1","1"
"201","1","07/01/2020","8","0.12","1","1","1"
"201","1","07/01/2020","9","0.16","1","1","1"
"201","1","07/01/2020","9","0.16","1","1","1"
"201","1","07/01/2020","9","0.2","1","1","1"
"201","1","07/01/2020","10","0.2","1","1","1"
"201","1","07/01/2020","10","0.16","1","1","1"
"201","1","07/01/2020","11","0.2","1","1","1"
"201","1","07/01/2020","11","0.14","1","1","1"
"201","1","07/01/2020","11","0.11","1","1","1"
"201","2","07/01/2020","12","0.2","1","1","1"
"201","2","07/01/2020","12","0.14","1","1","1"
"201","2","07/01/2020","13","0.15","1","1","1"
"201","2","07/01/2020","13","0.15","1","1","1"
"201","2","07/01/2020","14","0.11","1","1","1"
"201","2","07/01/2020","14","0.14","1","1","1"
"201","2","07/01/2020","14","0.18","1","1","1"
"201","2","07/01/2020","14","0.11","1","1","1"
"201","2","07/01/2020","15","0.2","1","1","1"
"201","2","07/01/2020","15","0.1","1","1","1"
"201","3","07/01/2020","16","0.16","1","1","1"
"201","3","07/01/2020","16","0.18","1","1","1"
"201","3","07/01/2020","17","0.12","1","1","1"
"201","3","07/01/2020","17","0.11","1","1","1"
"201","3","07/01/2020","17","0.16","1","1","1"
"301","1","01/01/2020","8","0.17","0","1","1"
"301","1","01/01/2020","8","0.13","1","1","1"
"301","1","01/01/2020","8","0.11","1","1","1"
"301","1","01/01/2020","9","0.18","1","1","1"
"301","1","01/01/2020","9","0.18","1","1","1"
"301","1","01/01/2020","9","0.21","1","1","1"
"301","1","01/01/2020","9","0.22","1","1","1"
"301","1","01/01/2020","10","0.28","1","1","1"
"301","1","01/01/2020","10","0.15","1","1","1"
"301","1","01/01/2020","10","0.13","1","1","1"
"301","1","01/01/2020","11","0.18","1","1","1"
"301","1","01/01/2020","11","0.18","1","1","1"
"301","1","01/01/2020","11","0.12","1","1","1"
"301","2","01/01/2020","12","0.11","1","1","1"
"301","2","01/01/2020","12","0.18","1","1","1"
"301","2","01/01/2020","12","0.15","1","1","1"
"301","2","01/01/2020","13","0.18","1","1","1"
"301","2","01/01/2020","13","0.19","1","1","1"
"301","2","01/01/2020","13","0.2","1","1","1"
"301","2","01/01/2020","14","0.11","1","1","1"
"301","2","01/01/2020","14","0.2","1","1","1"
"301","2","01/01/2020","14","0.18","1","1","1"
"301","2","01/01/2020","15","0.16","1","1","1"
"301","2","01/01/2020","15","0.2","1","1","1"
"301","2","01/01/2020","15","0.26","1","1","1"
"301","3","01/01/2020","16","0.18","1","1","1"
"301","3","01/01/2020","16","0.15","1","1","1"
"301","3","01/01/2020","16","0.14","1","1","1"
"301","3","01/01/2020","16","0.12","1","1","1"
"301","3","01/01/2020","17","0.2","1","1","1"
"301","3","01/01/2020","17","0.19","1","1","1"
"301","3","01/01/2020","17","0.2","1","1","1"
"301","3","01/01/2020","17","0.17","1","1","1"
"301","1","02/01/2020","8","0.11","0","1","1"
"301","1","02/01/2020","8","0.12","1","1","1"
"301","1","02/01/2020","8","0.17","1","1","1"
"301","1","02/01/2020","9","0.17","1","1","1"
"301","1","02/01/2020","9","0.12","1","1","1"
"301","1","02/01/2020","9","0.19","1","1","1"
"301","1","02/01/2020","9","0.26","1","1","1"
"301","1","02/01/2020","10","0.31","1","1","1"
"301","1","02/01/2020","10","0.46","1","1","1"
"301","1","02/01/2020","10","0.44","2","1","1"
"301","1","02/01/2020","11","0.35","2","1","1"
"301","1","02/01/2020","11","0.39","1","1","1"
"301","1","02/01/2020","11","0.32","1","1","1"
"301","2","02/01/2020","12","0.19","1","1","1"
"301","2","02/01/2020","12","0.15","1","1","1"
"301","2","02/01/2020","12","0.28","1","1","1"
"301","2","02/01/2020","12","0.3","1","1","1"
"301","2","02/01/2020","13","0.35","2","1","1"
"301","2","02/01/2020","13","0.91","2","1","1"
"301","2","02/01/2020","13","0.91","2","1","1"
"301","2","02/01/2020","13","1.06","2","1","1"
"301","2","02/01/2020","14","1.13","3","1","1"
"301","2","02/01/2020","14","1.09","3","1","1"
"301","2","02/01/2020","14","1.11","3","1","1"
"301","2","02/01/2020","15","1.22","3","1","1"
"301","2","02/01/2020","15","1.27","4","1","1"
"301","2","02/01/2020","15","1.42","4","1","1"
"301","2","02/01/2020","15","1.48","4","1","1"
"301","2","02/01/2020","15","1.54","5","1","1"
"301","3","02/01/2020","16","2.1","5","1","1"
"301","3","02/01/2020","16","2.26","6","1","1"
"301","3","02/01/2020","16","2.25","6","1","1"
"301","3","02/01/2020","16","2.26","6","1","1"
"301","3","02/01/2020","17","2.17","6","1","1"
"301","3","02/01/2020","17","2.16","6","1","1"
"301","3","02/01/2020","17","2.15","7","1","1"
"301","1","03/01/2020","8","0.14","0","1","1"
"301","1","03/01/2020","8","0.18","1","1","1"
"301","1","03/01/2020","8","0.19","1","1","1"
"301","1","03/01/2020","8","0.19","1","1","1"
"301","1","03/01/2020","9","0.13","1","1","1"
"301","1","03/01/2020","9","0.19","1","2","1"
"301","1","03/01/2020","9","0.24","2","2","1"
"301","1","03/01/2020","9","0.2","1","2","1"
"301","1","03/01/2020","9","0.27","1","2","1"
"301","1","03/01/2020","9","0.37","2","1","1"
"301","1","03/01/2020","10","0.38","2","1","1"
"301","1","03/01/2020","10","0.43","2","1","1"
"301","1","03/01/2020","10","0.9","3","1","1"
"301","1","03/01/2020","10","0.42","3","1","1"
"301","1","03/01/2020","10","0.43","3","1","1"
"301","1","03/01/2020","11","0.42","2","1","1"
"301","1","03/01/2020","11","0.43","2","1","1"
"301","1","03/01/2020","11","0.41","2","1","1"
"301","2","03/01/2020","12","0.39","2","2","1"
"301","2","03/01/2020","12","0.91","3","2","1"
"301","2","03/01/2020","12","1.04","3","1","1"
"301","2","03/01/2020","12","0.97","3","1","1"
"301","2","03/01/2020","12","1.09","4","1","1"
"301","2","03/01/2020","12","1.14","4","1","1"
"301","2","03/01/2020","13","1.15","4","1","1"
"301","2","03/01/2020","13","1.21","5","2","1"
"301","2","03/01/2020","13","1.38","6","2","1"
"301","2","03/01/2020","13","1.48","6","1","1"
"301","2","03/01/2020","13","1.5","6","1","1"
"301","2","03/01/2020","13","1.54","6","1","1"
"301","2","03/01/2020","14","1.54","6","2","1"
"301","2","03/01/2020","14","2.04","7","2","1"
"301","2","03/01/2020","14","2.09","8","1","1"
"301","2","03/01/2020","14","2.08","8","1","1"
"301","2","03/01/2020","15","2.02","8","1","1"
"301","2","03/01/2020","15","2.01","8","1","1"
"301","2","03/01/2020","15","1.54","7","3","1"
"301","2","03/01/2020","15","1.59","8","3","1"
"301","2","03/01/2020","15","2.17","9","3","1"
"301","2","03/01/2020","15","2.23","9","2","1"
"301","2","03/01/2020","15","2.41","10","2","1"
"301","3","03/01/2020","16","2.44","11","1","1"
"301","3","03/01/2020","16","2.45","10","1","1"
"301","3","03/01/2020","16","2.51","11","1","1"
"301","3","03/01/2020","16","2.47","10","1","1"
"301","3","03/01/2020","17","2.54","11","1","1"
"301","3","03/01/2020","17","2.41","10","1","1"
"301","3","03/01/2020","17","2.46","11","1","1"
"301","3","03/01/2020","17","2.46","10","1","1"
"301","1","04/01/2020","8","0.1","0","2","1"
"301","1","04/01/2020","8","0.12","1","2","1"
"301","1","04/01/2020","8","0.11","1","3","1"
"301","1","04/01/2020","8","0.18","1","3","1"
"301","1","04/01/2020","8","0.22","2","3","1"
"301","1","04/01/2020","8","0.39","3","2","1"
"301","1","04/01/2020","8","0.45","3","2","1"
"301","1","04/01/2020","8","0.42","2","1","1"
"301","1","04/01/2020","9","0.44","3","3","1"
"301","1","04/01/2020","9","1.02","4","3","1"
"301","1","04/01/2020","9","1.12","5","3","1"
"301","1","04/01/2020","9","1.11","4","2","1"
"301","1","04/01/2020","9","1.29","5","2","1"
"301","1","04/01/2020","9","1.39","6","1","1"
"301","1","04/01/2020","9","1.54","6","1","1"
"301","1","04/01/2020","9","1.58","6","1","1"
"301","1","04/01/2020","10","2.06","6","1","1"
"301","1","04/01/2020","10","2.01","6","1","1"
"301","1","04/01/2020","10","2.0","7","2","1"
"301","1","04/01/2020","10","2.1","8","2","1"
"301","1","04/01/2020","10","2.13","8","2","1"
"301","1","04/01/2020","10","2.23","9","2","1"
"301","1","04/01/2020","11","2.21","9","2","1"
"301","1","04/01/2020","11","2.34","10","2","1"
"301","1","04/01/2020","11","2.35","10","3","1"
"301","1","04/01/2020","11","2.53","11","3","1"
"301","1","04/01/2020","11","3.02","12","3","1"
"301","1","04/01/2020","11","3.04","13","1","1"
"301","1","04/01/2020","11","3.06","13","1","1"
"301","1","04/01/2020","11","3.06","14","2","2"
"301","1","04/01/2020","11","3.22","14","2","2"
"301","2","04/01/2020","12","3.21","15","2","1"
"301","2","04/01/2020","12","3.38","16","2","1"
"301","2","04/01/2020","12","3.33","15","1","1"
"301","2","04/01/2020","12","3.37","16","1","1"
"301","2","04/01/2020","12","3.46","16","1","1"
"301","2","04/01/2020","12","3.5","16","1","1"
"301","2","04/01/2020","13","3.53","16","1","1"
"301","2","04/01/2020","13","3.57","17","2","1"
"301","2","04/01/2020","13","4.17","18","2","1"
"301","2","04/01/2020","13","4.15","17","1","1"
"301","2","04/01/2020","13","4.09","17","1","1"
"301","2","04/01/2020","13","4.1","18","1","1"
"301","2","04/01/2020","14","4.2","18","1","1"
"301","2","04/01/2020","14","4.21","19","2","1"
"301","2","04/01/2020","14","4.29","19","2","1"
"301","2","04/01/2020","14","4.31","19","1","1"
"301","2","04/01/2020","14","4.33","19","1","1"
"301","2","04/01/2020","15","4.37","18","3","1"
"301","2","04/01/2020","15","4.5","19","3","1"
"301","2","04/01/2020","15","5.0","20","3","1"
"301","2","04/01/2020","15","5.13","21","1","1"
"301","2","04/01/2020","15","5.2","21","1","1"
"301","2","04/01/2020","15","5.62","21","1","1"
"301","2","04/01/2020","15","5.59","22","1","2"
"301","3","04/01/2020","16","5.19","21","1","2"
"301","3","04/01/2020","16","5.16","21","1","1"
"301","3","04/01/2020","16","5.17","21","1","1"
"301","3","04/01/2020","16","5.64","22","1","1"
"301","3","04/01/2020","16","5.63","22","1","1"
"301","3","04/01/2020","17","5.18","21","1","1"
"301","3","04/01/2020","17","5.16","21","1","1"
"301","3","04/01/2020","17","5.19","22","2","1"
"301","3","04/01/2020","17","5.7","22","2","1"
"301","3","04/01/2020","17","5.77","22","1","1"
"301","1","05/01/2020","8","0.13","0","3","1"
"301","1","05/01/2020","8","0.21","2","3","1"
"301","1","05/01/2020","8","0.22","2","3","2"
"301","1","05/01/2020","8","0.25","2","1","2"
"301","1","05/01/2020","8","0.23","2","1","1"
"301","1","05/01/2020","8","0.26","2","1","1"
"301","1","05/01/2020","8","0.26","2","2","1"
"301","1","05/01/2020","8","0.31","3","2","2"
"301","1","05/01/2020","8","0.35","3","1","2"
"301","1","05/01/2020","9","0.34","3","3","1"
"301","1","05/01/2020","9","0.42","4","3","1"
"301","1","05/01/2020","9","0.52","5","3","1"
"301","1","05/01/2020","9","0.91","5","1","1"
"301","1","05/01/2020","9","0.92","4","2","1"
"301","1","05/01/2020","9","0.94","4","2","1"
"301","1","05/01/2020","9","0.99","5","3","1"
"301","1","05/01/2020","9","1.05","5","3","1"
"301","1","05/01/2020","9","1.13","6","3","1"
"301","1","05/01/2020","9","1.15","7","1","1"
"301","1","05/01/2020","10","1.17","7","2","1"
"301","1","05/01/2020","10","1.29","8","2","1"
"301","1","05/01/2020","10","1.26","8","1","1"
"301","1","05/01/2020","10","1.32","8","2","1"
"301","1","05/01/2020","10","1.38","9","2","1"
"301","1","05/01/2020","10","1.39","9","1","1"
"301","1","05/01/2020","10","1.47","10","2","1"
"301","1","05/01/2020","10","1.51","10","2","1"
"301","1","05/01/2020","10","1.57","11","1","1"
"301","1","05/01/2020","11","1.58","11","4","1"
"301","1","05/01/2020","11","2.09","11","4","1"
"301","1","05/01/2020","11","2.18","12","4","1"
"301","1","05/01/2020","11","2.24","13","4","1"
"301","1","05/01/2020","11","2.32","14","2","1"
"301","1","05/01/2020","11","2.34","14","2","1"
"301","1","05/01/2020","11","2.31","14","1","1"
"301","1","05/01/2020","11","2.26","14","1","2"
"301","1","05/01/2020","11","2.25","14","2","2"
"301","1","05/01/2020","11","2.32","15","2","1"
"301","2","05/01/2020","12","2.34","15","1","1"
"301","2","05/01/2020","12","2.37","15","2","1"
"301","2","05/01/2020","12","2.44","15","2","1"
"301","2","05/01/2020","12","2.48","16","1","1"
"301","2","05/01/2020","12","2.51","16","1","1"
"301","2","05/01/2020","12","2.54","16","2","1"
"301","2","05/01/2020","12","2.57","17","2","1"
"301","2","05/01/2020","12","2.57","17","1","1"
"301","2","05/01/2020","13","2.59","17","3","1"
"301","2","05/01/2020","13","3.09","18","3","1"
"301","2","05/01/2020","13","3.14","19","3","1"
"301","2","05/01/2020","13","3.15","19","2","2"
"301","2","05/01/2020","13","3.21","20","2","2"
"301","2","05/01/2020","13","3.24","21","1","1"
"301","2","05/01/2020","13","3.24","20","2","1"
"301","2","05/01/2020","13","3.25","21","2","1"
"301","2","05/01/2020","13","3.3","22","1","1"
"301","2","05/01/2020","13","3.24","21","2","2"
"301","2","05/01/2020","13","3.28","22","2","2"
"301","2","05/01/2020","14","3.32","23","2","1"
"301","2","05/01/2020","14","3.34","23","2","1"
"301","2","05/01/2020","14","3.37","23","2","2"
"301","2","05/01/2020","14","3.39","23","2","2"
"301","2","05/01/2020","14","3.41","24","2","1"
"301","2","05/01/2020","14","3.46","25","2","1"
"301","2","05/01/2020","14","3.49","25","2","1"
"301","2","05/01/2020","14","3.59","26","2","1"
"301","2","05/01/2020","14","3.58","26","1","1"
"301","2","05/01/2020","14","4.03","27","4","1"
"301","2","05/01/2020","14","4.12","27","4","1"
"301","2","05/01/2020","14","4.19","28","4","1"
"301","2","05/01/2020","14","4.25","29","4","1"
"301","2","05/01/2020","15","4.32","30","1","1"
"301","2","05/01/2020","15","4.31","30","3","1"
"301","2","05/01/2020","15","4.34","30","3","1"
"301","2","05/01/2020","15","4.44","31","3","1"
"301","2","05/01/2020","15","4.46","32","4","2"
"301","2","05/01/2020","15","4.56","33","4","2"
"301","2","05/01/2020","15","5.01","33","4","1"
"301","2","05/01/2020","15","5.11","34","4","1"
"301","2","05/01/2020","15","5.11","35","1","1"
"301","2","05/01/2020","15","5.14","35","2","1"
"301","2","05/01/2020","15","5.56","35","2","1"
"301","2","05/01/2020","15","5.6","36","1","1"
"301","3","05/01/2020","16","5.16","35","1","1"
"301","3","05/01/2020","16","5.16","35","1","1"
"301","3","05/01/2020","16","5.2","35","1","1"
"301","3","05/01/2020","16","5.17","35","2","1"
"301","3","05/01/2020","16","5.66","35","2","1"
"301","3","05/01/2020","16","5.64","35","1","1"
"301","3","05/01/2020","16","5.72","36","1","1"
"301","3","05/01/2020","17","5.32","36","3","1"
"301","3","05/01/2020","17","5.41","37","3","1"
"301","3","05/01/2020","17","5.45","37","3","1"
"301","3","05/01/2020","17","5.88","37","1","1"
"301","3","05/01/2020","17","5.91","37","1","1"
"301","3","05/01/2020","17","5.94","37","1","1"
"301","3","05/01/2020","17","5.91","36","2","1"
"301","3","05/01/2020","17","5.94","36","2","1"
"301","3","05/01/2020","18","5.56","36","1","1"
"301","1","06/01/2020","8","0.15","0","1","1"
"301","1","06/01/2020","8","0.17","1","1","1"
"301","1","06/01/2020","8","0.19","1","1","1"
"301","1","06/01/2020","9","0.24","1","1","1"
"301","1","06/01/2020","9","0.3","1","1","1"
"301","1","06/01/2020","10","0.24","1","1","1"
"301","1","06/01/2020","10","0.27","1","1","1"
"301","1","06/01/2020","10","0.23","1","1","1"
"301","1","06/01/2020","11","0.16","1","1","1"
"301","1","06/01/2020","11","0.13","1","1","1"
"301","2","06/01/2020","12","0.21","1","1","1"
"301","2","06/01/2020","12","0.19","1","1","1"
"301","2","06/01/2020","12","0.19","1","1","1"
"301","2","06/01/2020","13","0.15","1","1","1"
"301","2","06/01/2020","13","0.14","1","1","1"
"301","2","06/01/2020","14","0.19","1","1","1"
"301","2","06/01/2020","14","0.14","1","1","1"
"301","2","06/01/2020","15","0.12","1","1","1"
"301","2","06/01/2020","15","0.24","1","1","1"
"301","2","06/01/2020","15","0.23","1","1","1"
"301","2","06/01/2020","15","0.15","1","1","1"
"301","3","06/01/2020","16","0.23","1","1","1"
"301","3","06/01/2020","16","0.19","1","1","1"
"301","3","06/01/2020","17","0.22","1","1","1"
"301","3","06/01/2020","17","0.13","1","1","1"
"301","3","06/01/2020","17","0.1","1","1","1"
"301","1","07/01/2020","8","0.24","0","3","1"
"301","1","07/01/2020","8","0.39","1","3","1"
"301","1","07/01/2020","8","0.54","2","3","1"
"301","1","07/01/2020","8","0.47","3","2","1"
"301","1","07/01/2020","8","0.98","3","2","1"
"301","1","07/01/2020","8","0.48","3","1","1"
"301","1","07/01/2020","9","0.5","3","1","1"
"301","1","07/01/2020","9","0.93","3","1","1"
"301","1","07/01/2020","9","0.41","2","1","1"
"301","1","07/01/2020","9","0.9","3","1","1"
"301","1","07/01/2020","10","0.51","2","1","1"
"301","1","07/01/2020","10","1.03","3","1","1"
"301","1","07/01/2020","10","1.12","3","1","1"
"301","1","07/01/2020","10","1.16","4","1","1"
"301","1","07/01/2020","10","1.08","4","1","1"
"301","1","07/01/2020","11","1.13","4","2","1"
"301","1","07/01/2020","11","1.3","5","2","1"
"301","1","07/01/2020","11","1.44","5","1","1"
"301","1","07/01/2020","11","1.37","5","1","1"
"301","2","07/01/2020","12","1.24","4","2","1"
"301","2","07/01/2020","12","1.38","5","2","1"
"301","2","07/01/2020","12","1.26","5","1","1"
"301","2","07/01/2020","12","1.26","5","1","1"
"301","2","07/01/2020","13","1.39","6","1","1"
"301","2","07/01/2020","13","1.44","6","1","1"
"301","2","07/01/2020","13","1.4","5","1","1"
"301","2","07/01/2020","13","1.44","6","1","1"
"301","2","07/01/2020","13","1.54","6","2","1"
"301","2","07/01/2020","13","2.13","7","2","1"
"301","2","07/01/2020","14","2.06","7","3","1"
"301","2","07/01/2020","14","2.15","8","3","1"
"301","2","07/01/2020","14","2.37","9","3","1"
"301","2","07/01/2020","14","2.54","10","1","1"
"301","2","07/01/2020","14","2.59","10","1","1"
"301","2","07/01/2020","14","3.11","10","1","1"
"301","2","07/01/2020","15","3.06","10","1","1"
"301","2","07/01/2020","15","3.01","10","1","1"
"301","2","07/01/2020","15","3.04","10","1","1"
"301","3","07/01/2020","16","2.59","10","1","1"
"301","3","07/01/2020","16","2.51","9","1","1"
"301","3","07/01/2020","16","2.59","9","1","1"
"301","3","07/01/2020","17","2.5","9","3","1"
"301","3","07/01/2020","17","2.54","10","3","1"
"301","3","07/01/2020","17","3.18","11","3","1"
"301","3","07/01/2020","17","3.08","10","1","1"
"301","3","07/01/2020","17","3.21","11","1","1"
"301","3","07/01/2020","17","3.19","11","1","1"
"401","1","01/01/2020","8","0.28","0","1","1"
"401","1","01/01/2020","8","0.28","1","1","1"
"401","1","01/01/2020","8","0.31","1","1","1"
"401","1","01/01/2020","9","0.31","1","1","1"
"401","1","01/01/2020","9","0.37","1","1","1"
"401","1","01/01/2020","10","0.38","1","1","1"
"401","1","01/01/2020","10","0.41","1","1","1"
"401","1","01/01/2020","10","0.49","1","1","1"
"401","1","01/01/2020","11","0.92","1","1","1"
"401","1","01/01/2020","11","0.9","1","1","1"
"401","2","01/01/2020","12","0.9","1","1","1"
"401","2","01/01/2020","12","0.48","1","1","1"
"401","2","01/01/2020","13","0.52","2","1","1"
"401","2","01/01/2020","13","0.93","1","1","1"
"401","2","01/01/2020","13","0.94","2","1","1"
"401","2","01/01/2020","14","1.01","2","1","1"
"401","2","01/01/2020","14","1.03","2","1","1"
"401","2","01/01/2020","15","0.99","2","1","1"
"401","2","01/01/2020","15","1.03","2","1","1"
"401","3","01/01/2020","16","1.07","2","1","1"
"401","3","01/01/2020","16","1.16","2","1","1"
"401","3","01/01/2020","16","1.24","2","1","1"
"401","3","01/01/2020","17","1.3","3","1","1"
"401","3","01/01/2020","17","1.36","3","1","1"
"401","3","01/01/2020","17","1.39","3","1","1"
"401","1","02/01/2020","8","0.28","0","1","1"
"401","1","02/01/2020","8","0.25","1","1","1"
"401","1","02/01/2020","8","0.3","1","1","1"
"401","1","02/01/2020","9","0.33","1","1","1"
"401","1","02/01/2020","9","0.32","1","1","1"
"401","1","02/01/2020","10","0.34","1","1","1"
"401","1","02/01/2020","10","0.33","1","1","1"
"401","1","02/01/2020","11","0.31","1","1","1"
"401","1","02/01/2020","11","0.3","1","1","1"
"401","2","02/01/2020","12","0.3","1","1","1"
"401","2","02/01/2020","12","0.29","1","1","1"
"401","2","02/01/2020","13","0.3","1","1","1"
"401","2","02/01/2020","13","0.31","1","1","1"
"401","2","02/01/2020","14","0.28","1","1","1"
"401","2","02/01/2020","14","0.28","1","1","1"
"401","2","02/01/2020","15","0.27","1","1","1"
"401","2","02/01/2020","15","0.28","1","1","1"
"401","2","02/01/2020","15","0.29","1","1","1"
"401","3","02/01/2020","16","0.29","1","1","1"
"401","3","02/01/2020","16","0.27","1","1","1"
"401","3","02/01/2020","17","0.25","1","1","1"
"401","3","02/01/2020","17","0.29","1","1","1"
"401","1","03/01/2020","8","0.26","0","1","1"
"401","1","03/01/2020","8","0.28","1","1","1"
"401","1","03/01/2020","8","0.29","1","1","1"
"401","1","03/01/2020","9","0.35","1","1","1"
"401","1","03/01/2020","9","0.47","1","1","1"
"401","1","03/01/2020","9","0.44","1","1","1"
"401","1","03/01/2020","10","0.92","1","1","1"
"401","1","03/01/2020","10","0.92","1","1","1"
"401","1","03/01/2020","11","1.05","2","1","1"
"401","1","03/01/2020","11","1.11","2","1","1"
"401","1","03/01/2020","11","1.08","2","1","1"
"401","2","03/01/2020","12","1.08","2","1","1"
"401","2","03/01/2020","12","1.12","2","1","1"
"401","2","03/01/2020","13","1.13","2","1","1"
"401","2","03/01/2020","13","1.19","2","1","1"
"401","2","03/01/2020","13","1.23","3","1","1"
"401","2","03/01/2020","14","1.33","3","1","1"
"401","2","03/01/2020","14","1.39","3","1","1"
"401","2","03/01/2020","14","1.43","3","1","1"
"401","2","03/01/2020","15","1.56","4","1","1"
"401","2","03/01/2020","15","2.0","4","1","1"
"401","2","03/01/2020","15","2.08","4","1","1"
"401","3","03/01/2020","16","2.14","4","1","1"
"401","3","03/01/2020","16","2.15","4","1","1"
"401","3","03/01/2020","17","2.12","5","1","1"
"401","3","03/01/2020","17","2.09","4","1","1"
"401","3","03/01/2020","17","2.15","5","1","1"
"401","1","04/01/2020","8","0.22","0","1","1"
"401","1","04/01/2020","8","0.26","1","1","1"
"401","1","04/01/2020","8","0.28","1","1","1"
"401","1","04/01/2020","8","0.38","1","1","1"
"401","1","04/01/2020","9","0.43","1","1","1"
"401","1","04/01/2020","9","0.9","2","1","1"
"401","1","04/01/2020","9","1.0","2","1","1"
"401","1","04/01/2020","9","1.09","3","1","1"
"401","1","04/01/2020","10","1.14","3","1","1"
"401","1","04/01/2020","10","1.18","3","1","1"
"401","1","04/01/2020","10","1.26","3","1","1"
"401","1","04/01/2020","10","1.35","4","1","1"
"401","1","04/01/2020","10","1.42","4","1","1"
"401","1","04/01/2020","11","1.46","5","1","1"
"401","1","04/01/2020","11","1.5","5","1","1"
"401","1","04/01/2020","11","2.02","5","1","1"
"401","2","04/01/2020","12","2.11","6","1","1"
"401","2","04/01/2020","12","2.22","6","1","1"
"401","2","04/01/2020","12","2.27","6","1","1"
"401","2","04/01/2020","12","2.3","6","1","1"
"401","2","04/01/2020","13","2.32","6","1","1"
"401","2","04/01/2020","13","2.42","7","1","1"
"401","2","04/01/2020","13","2.49","7","1","1"
"401","2","04/01/2020","13","2.53","7","1","1"
"401","2","04/01/2020","14","3.05","8","1","1"
"401","2","04/01/2020","14","3.11","8","1","1"
"401","2","04/01/2020","14","3.2","8","1","1"
"401","2","04/01/2020","14","3.24","8","1","1"
"401","2","04/01/2020","15","3.38","9","1","1"
"401","2","04/01/2020","15","3.46","9","1","1"
"401","2","04/01/2020","15","3.54","10","1","1"
"401","2","04/01/2020","15","4.0","10","1","1"
"401","3","04/01/2020","16","4.1","10","1","1"
"401","3","04/01/2020","16","4.15","11","1","1"
"401","3","04/01/2020","16","4.24","11","1","1"
"401","3","04/01/2020","16","4.36","12","1","1"
"401","3","04/01/2020","17","4.43","12","1","1"
"401","3","04/01/2020","17","4.49","12","1","1"
"401","3","04/01/2020","17","4.58","13","1","1"
"401","3","04/01/2020","17","5.05","13","1","1"
"401","1","05/01/2020","8","0.21","0","1","1"
"401","1","05/01/2020","8","0.31","1","1","1"
"401","1","05/01/2020","8","0.39","2","1","1"
"401","1","05/01/2020","8","0.4","2","1","1"
"401","1","05/01/2020","8","0.44","2","1","1"
"401","1","05/01/2020","9","0.47","2","1","1"
"401","1","05/01/2020","9","0.94","2","1","1"
"401","1","05/01/2020","9","1.01","3","1","1"
"401","1","05/01/2020","9","1.08","3","1","1"
"401","1","05/01/2020","9","1.16","3","1","1"
"401","1","05/01/2020","10","1.2","3","1","1"
"401","1","05/01/2020","10","1.27","4","1","1"
"401","1","05/01/2020","10","1.34","4","1","1"
"401","1","05/01/2020","10","1.39","5","1","1"
"401","1","05/01/2020","11","1.42","5","1","1"
"401","1","05/01/2020","11","1.54","5","1","1"
"401","1","05/01/2020","11","1.59","6","1","1"
"401","1","05/01/2020","11","2.1","6","1","1"
"401","1","05/01/2020","11","2.2","7","1","1"
"401","2","05/01/2020","12","2.27","7","1","1"
"401","2","05/01/2020","12","2.28","7","1","1"
"401","2","05/01/2020","12","2.29","7","1","1"
"401","2","05/01/2020","12","2.36","8","1","1"
"401","2","05/01/2020","13","2.39","8","1","1"
"401","2","05/01/2020","13","2.45","8","1","1"
"401","2","05/01/2020","13","2.5","8","1","1"
"401","2","05/01/2020","13","2.56","9","1","1"
"401","2","05/01/2020","14","3.0","9","1","1"
"401","2","05/01/2020","14","3.08","9","1","1"
"401","2","05/01/2020","14","3.15","10","1","1"
"401","2","05/01/2020","14","3.24","10","1","1"
"401","2","05/01/2020","14","3.31","11","1","1"
"401","2","05/01/2020","15","3.36","11","1","1"
"401","2","05/01/2020","15","3.44","11","1","1"
"401","2","05/01/2020","15","3.51","11","1","1"
"401","2","05/01/2020","15","3.57","12","1","1"
"401","2","05/01/2020","15","4.01","12","1","1"
"401","3","05/01/2020","16","4.09","12","2","1"
"401","3","05/01/2020","16","4.23","13","2","1"
"401","3","05/01/2020","16","4.31","13","1","1"
"401","3","05/01/2020","16","4.41","14","1","1"
"401","3","05/01/2020","16","4.52","14","1","1"
"401","3","05/01/2020","17","4.54","14","1","1"
"401","3","05/01/2020","17","5.07","15","1","1"
"401","3","05/01/2020","17","5.18","15","1","1"
"401","3","05/01/2020","17","5.69","16","1","1"
"401","3","05/01/2020","17","5.73","16","1","1"
"401","1","06/01/2020","8","0.26","0","1","1"
"401","1","06/01/2020","8","0.28","1","1","1"
"401","1","06/01/2020","9","0.29","1","1","1"
"401","1","06/01/2020","9","0.28","1","1","1"
"401","1","06/01/2020","10","0.3","1","1","1"
"401","1","06/01/2020","10","0.27","1","1","1"
"401","1","06/01/2020","11","0.26","1","1","1"
"401","1","06/01/2020","11","0.25","1","1","1"
"401","2","06/01/2020","12","0.29","1","1","1"
"401","2","06/01/2020","12","0.27","1","1","1"
"401","2","06/01/2020","13","0.29","1","1","1"
"401","2","06/01/2020","13","0.29","1","1","1"
"401","2","06/01/2020","14","0.29","1","1","1"
"401","2","06/01/2020","14","0.29","1","1","1"
"401","2","06/01/2020","15","0.27","1","1","1"
"401","3","06/01/2020","16","0.26","1","1","1"
"401","3","06/01/2020","16","0.28","1","1","1"
"401","3","06/01/2020","17","0.26","1","1","1"
"401","3","06/01/2020","17","0.3","1","1","1"
"401","1","07/01/2020","8","0.3","0","1","1"
"401","1","07/01/2020","8","0.32","1","1","1"
"401","1","07/01/2020","8","0.32","1","1","1"
"401","1","07/01/2020","9","0.39","1","1","1"
"401","1","07/01/2020","9","0.48","1","1","1"
"401","1","07/01/2020","10","0.47","1","1","1"
"401","1","07/01/2020","10","0.9","1","1","1"
"401","1","07/01/2020","10","0.97","2","1","1"
"401","1","07/01/2020","11","0.95","2","1","1"
"401","1","07/01/2020","11","1.01","2","1","1"
"401","1","07/01/2020","11","1.07","2","1","1"
"401","2","07/01/2020","12","1.15","2","1","1"
"401","2","07/01/2020","12","1.14","2","1","1"
"401","2","07/01/2020","13","1.17","2","1","1"
"401","2","07/01/2020","13","1.27","3","1","1"
"401","2","07/01/2020","13","1.38","3","1","1"
"401","2","07/01/2020","14","1.43","3","1","1"
"401","2","07/01/2020","14","1.39","3","1","1"
"401","2","07/01/2020","15","1.36","3","1","1"
"401","2","07/01/2020","15","1.32","3","1","1"
"401","3","07/01/2020","16","1.34","3","1","1"
"401","3","07/01/2020","16","1.42","3","1","1"
"401","3","07/01/2020","16","1.5","4","1","1"
"401","3","07/01/2020","16","2.02","4","1","1"
"401","3","07/01/2020","17","2.02","4","1","1"
"401","3","07/01/2020","17","2.01","4","1","1"
202,3,14/02/2020,23,23.23,4,4,10
101,3,14/02/2020,23,23.34,4,4,10
101,3,14/02/2020,23,1,4,4,10
202,3,14/02/2020,2,2,4,4,10
202,3,14/02/2020,1,3,4,4,10
303,3,14/02/2020,2,1,2,2,2
303,3,14/02/2020,2,2,2,2,2
301,3,15/02/2020,1,1,3,12,14
301,3,15/02/2020,1,2,3,12,14
201,3,15/02/2020,2,3,2,1,2
201,3,15/02/2020,7,4,6,9,5
201,3,15/02/2020,2,5,1,2,3
101,1,15/02/2020,12,1,12,12,12
